
[
  {"Tipo":"DESGRAVAMEN","Producto":"SEGDES","Mes":"ENERO","Importe":515.00396},{"Tipo":"DESGRAVAMEN","Producto":"SEGDES","Mes":"FEBRERO","Importe":523.13389},{"Tipo":"DESGRAVAMEN","Producto":"SEGDES","Mes":"MARZO","Importe":473.03316},{"Tipo":"DESGRAVAMEN","Producto":"SEGDES","Mes":"ABRIL","Importe":525.04931},{"Tipo":"DESGRAVAMEN","Producto":"SEGDES","Mes":"MAYO","Importe":509.75877},{"Tipo":"DESGRAVAMEN","Producto":"SEGDES","Mes":"JUNIO","Importe":529.28159},{"Tipo":"DESGRAVAMEN","Producto":"SEGDES","Mes":"JULIO","Importe":515.01341},{"Tipo":"DESGRAVAMEN","Producto":"SEGDES","Mes":"AGOSTO","Importe":535.31359},{"Tipo":"DESGRAVAMEN","Producto":"SEGDES","Mes":"SEPTIEMBRE","Importe":538.59828},{"Tipo":"DESGRAVAMEN","Producto":"SEGDES","Mes":"OCTUBRE","Importe":524.05484},{"Tipo":"DESGRAVAMEN","Producto":"SEGDES","Mes":"NOVIEMBRE","Importe":544.57969},{"Tipo":"DESGRAVAMEN","Producto":"SEGDES","Mes":"DICIEMBRE","Importe":530.20613},
  {"Tipo":"DESGRAVAMEN","Producto":"DERBCP","Mes":"ENERO","Importe":449.33253},{"Tipo":"DESGRAVAMEN","Producto":"DERBCP","Mes":"FEBRERO","Importe":449.56654},{"Tipo":"DESGRAVAMEN","Producto":"DERBCP","Mes":"MARZO","Importe":407.07935},{"Tipo":"DESGRAVAMEN","Producto":"DERBCP","Mes":"ABRIL","Importe":451.8462},{"Tipo":"DESGRAVAMEN","Producto":"DERBCP","Mes":"MAYO","Importe":609.16342},{"Tipo":"DESGRAVAMEN","Producto":"DERBCP","Mes":"JUNIO","Importe":631.2357},{"Tipo":"DESGRAVAMEN","Producto":"DERBCP","Mes":"JULIO","Importe":612.57989},{"Tipo":"DESGRAVAMEN","Producto":"DERBCP","Mes":"AGOSTO","Importe":634.75726},{"Tipo":"DESGRAVAMEN","Producto":"DERBCP","Mes":"SEPTIEMBRE","Importe":636.51412},{"Tipo":"DESGRAVAMEN","Producto":"DERBCP","Mes":"OCTUBRE","Importe":617.68085},{"Tipo":"DESGRAVAMEN","Producto":"DERBCP","Mes":"NOVIEMBRE","Importe":640.01845},{"Tipo":"DESGRAVAMEN","Producto":"DERBCP","Mes":"DICIEMBRE","Importe":621.05763},
  {"Tipo":"DESGRAVAMEN","Producto":"DESDIA","Mes":"ENERO","Importe":228.27281},{"Tipo":"DESGRAVAMEN","Producto":"DESDIA","Mes":"FEBRERO","Importe":231.87636},{"Tipo":"DESGRAVAMEN","Producto":"DESDIA","Mes":"MARZO","Importe":209.66948},{"Tipo":"DESGRAVAMEN","Producto":"DESDIA","Mes":"ABRIL","Importe":232.72536},{"Tipo":"DESGRAVAMEN","Producto":"DESDIA","Mes":"MAYO","Importe":225.94791},{"Tipo":"DESGRAVAMEN","Producto":"DESDIA","Mes":"JUNIO","Importe":234.60129},{"Tipo":"DESGRAVAMEN","Producto":"DESDIA","Mes":"JULIO","Importe":228.277},{"Tipo":"DESGRAVAMEN","Producto":"DESDIA","Mes":"AGOSTO","Importe":237.27495},{"Tipo":"DESGRAVAMEN","Producto":"DESDIA","Mes":"SEPTIEMBRE","Importe":238.73087},{"Tipo":"DESGRAVAMEN","Producto":"DESDIA","Mes":"OCTUBRE","Importe":232.28457},{"Tipo":"DESGRAVAMEN","Producto":"DESDIA","Mes":"NOVIEMBRE","Importe":241.3821},{"Tipo":"DESGRAVAMEN","Producto":"DESDIA","Mes":"DICIEMBRE","Importe":235.01109},
  {"Tipo":"BANCA SEGUROS","Producto":"ONCBCP","Mes":"ENERO","Importe":28.30122},{"Tipo":"BANCA SEGUROS","Producto":"ONCBCP","Mes":"FEBRERO","Importe":30.2823},{"Tipo":"BANCA SEGUROS","Producto":"ONCBCP","Mes":"MARZO","Importe":33.96146},{"Tipo":"BANCA SEGUROS","Producto":"ONCBCP","Mes":"ABRIL","Importe":45.39746},{"Tipo":"BANCA SEGUROS","Producto":"ONCBCP","Mes":"MAYO","Importe":48.60575},{"Tipo":"BANCA SEGUROS","Producto":"ONCBCP","Mes":"JUNIO","Importe":62.75507},{"Tipo":"BANCA SEGUROS","Producto":"ONCBCP","Mes":"JULIO","Importe":66.56161},{"Tipo":"BANCA SEGUROS","Producto":"ONCBCP","Mes":"AGOSTO","Importe":92.86085},{"Tipo":"BANCA SEGUROS","Producto":"ONCBCP","Mes":"SEPTIEMBRE","Importe":80.52952},{"Tipo":"BANCA SEGUROS","Producto":"ONCBCP","Mes":"OCTUBRE","Importe":82.45456},{"Tipo":"BANCA SEGUROS","Producto":"ONCBCP","Mes":"NOVIEMBRE","Importe":80.52952},{"Tipo":"BANCA SEGUROS","Producto":"ONCBCP","Mes":"DICIEMBRE","Importe":82.45456},
  {"Tipo":"BANCA SEGUROS","Producto":"MULANU","Mes":"ENERO","Importe":159.87499},{"Tipo":"BANCA SEGUROS","Producto":"MULANU","Mes":"FEBRERO","Importe":157.38666},{"Tipo":"BANCA SEGUROS","Producto":"MULANU","Mes":"MARZO","Importe":157.15972},{"Tipo":"BANCA SEGUROS","Producto":"MULANU","Mes":"ABRIL","Importe":155.1188},{"Tipo":"BANCA SEGUROS","Producto":"MULANU","Mes":"MAYO","Importe":152.51234},{"Tipo":"BANCA SEGUROS","Producto":"MULANU","Mes":"JUNIO","Importe":149.66022},{"Tipo":"BANCA SEGUROS","Producto":"MULANU","Mes":"JULIO","Importe":145.77046},{"Tipo":"BANCA SEGUROS","Producto":"MULANU","Mes":"AGOSTO","Importe":142.69035},{"Tipo":"BANCA SEGUROS","Producto":"MULANU","Mes":"SEPTIEMBRE","Importe":140.02716},{"Tipo":"BANCA SEGUROS","Producto":"MULANU","Mes":"OCTUBRE","Importe":139.00167},{"Tipo":"BANCA SEGUROS","Producto":"MULANU","Mes":"NOVIEMBRE","Importe":140.02716},{"Tipo":"BANCA SEGUROS","Producto":"MULANU","Mes":"DICIEMBRE","Importe":145.77046},
  {"Tipo":"BANCA SEGUROS","Producto":"MSVBCP","Mes":"ENERO","Importe":11.14893},{"Tipo":"BANCA SEGUROS","Producto":"MSVBCP","Mes":"FEBRERO","Importe":11.75939},{"Tipo":"BANCA SEGUROS","Producto":"MSVBCP","Mes":"MARZO","Importe":11.75939},{"Tipo":"BANCA SEGUROS","Producto":"MSVBCP","Mes":"ABRIL","Importe":11.14893},{"Tipo":"BANCA SEGUROS","Producto":"MSVBCP","Mes":"MAYO","Importe":11.75939},{"Tipo":"BANCA SEGUROS","Producto":"MSVBCP","Mes":"JUNIO","Importe":11.75939},{"Tipo":"BANCA SEGUROS","Producto":"MSVBCP","Mes":"JULIO","Importe":9.06051},{"Tipo":"BANCA SEGUROS","Producto":"MSVBCP","Mes":"AGOSTO","Importe":8.93199},{"Tipo":"BANCA SEGUROS","Producto":"MSVBCP","Mes":"SEPTIEMBRE","Importe":13.55864},{"Tipo":"BANCA SEGUROS","Producto":"MSVBCP","Mes":"OCTUBRE","Importe":13.6229},{"Tipo":"BANCA SEGUROS","Producto":"MSVBCP","Mes":"NOVIEMBRE","Importe":13.55864},{"Tipo":"BANCA SEGUROS","Producto":"MSVBCP","Mes":"DICIEMBRE","Importe":13.6229},
  {"Tipo":"BANCA SEGUROS","Producto":"SOLFUT","Mes":"ENERO","Importe":30.06212},{"Tipo":"BANCA SEGUROS","Producto":"SOLFUT","Mes":"FEBRERO","Importe":30.6886},{"Tipo":"BANCA SEGUROS","Producto":"SOLFUT","Mes":"MARZO","Importe":29.91531},{"Tipo":"BANCA SEGUROS","Producto":"SOLFUT","Mes":"ABRIL","Importe":33.62039},{"Tipo":"BANCA SEGUROS","Producto":"SOLFUT","Mes":"MAYO","Importe":36.31089},{"Tipo":"BANCA SEGUROS","Producto":"SOLFUT","Mes":"JUNIO","Importe":42.44628},{"Tipo":"BANCA SEGUROS","Producto":"SOLFUT","Mes":"JULIO","Importe":43.85622},{"Tipo":"BANCA SEGUROS","Producto":"SOLFUT","Mes":"AGOSTO","Importe":41.51602},{"Tipo":"BANCA SEGUROS","Producto":"SOLFUT","Mes":"SEPTIEMBRE","Importe":43.9507},{"Tipo":"BANCA SEGUROS","Producto":"SOLFUT","Mes":"OCTUBRE","Importe":47.99299},{"Tipo":"BANCA SEGUROS","Producto":"SOLFUT","Mes":"NOVIEMBRE","Importe":43.9507},{"Tipo":"BANCA SEGUROS","Producto":"SOLFUT","Mes":"DICIEMBRE","Importe":47.99299},
  {"Tipo":"BANCA SEGUROS","Producto":"SEGECP","Mes":"ENERO","Importe":12.43327},{"Tipo":"BANCA SEGUROS","Producto":"SEGECP","Mes":"FEBRERO","Importe":9.2834},{"Tipo":"BANCA SEGUROS","Producto":"SEGECP","Mes":"MARZO","Importe":10.0113},{"Tipo":"BANCA SEGUROS","Producto":"SEGECP","Mes":"ABRIL","Importe":11.83126},{"Tipo":"BANCA SEGUROS","Producto":"SEGECP","Mes":"MAYO","Importe":13.64647},{"Tipo":"BANCA SEGUROS","Producto":"SEGECP","Mes":"JUNIO","Importe":12.43971},{"Tipo":"BANCA SEGUROS","Producto":"SEGECP","Mes":"JULIO","Importe":11.86176},{"Tipo":"BANCA SEGUROS","Producto":"SEGECP","Mes":"AGOSTO","Importe":11.68488},{"Tipo":"BANCA SEGUROS","Producto":"SEGECP","Mes":"SEPTIEMBRE","Importe":10.94946},{"Tipo":"BANCA SEGUROS","Producto":"SEGECP","Mes":"OCTUBRE","Importe":11.15056},{"Tipo":"BANCA SEGUROS","Producto":"SEGECP","Mes":"NOVIEMBRE","Importe":10.94946},{"Tipo":"BANCA SEGUROS","Producto":"SEGECP","Mes":"DICIEMBRE","Importe":11.20744},
  {"Tipo":"BANCA SEGUROS","Producto":"SEGECV","Mes":"ENERO","Importe":23.76382},{"Tipo":"BANCA SEGUROS","Producto":"SEGECV","Mes":"FEBRERO","Importe":17.0589},{"Tipo":"BANCA SEGUROS","Producto":"SEGECV","Mes":"MARZO","Importe":18.62278},{"Tipo":"BANCA SEGUROS","Producto":"SEGECV","Mes":"ABRIL","Importe":22.55945},{"Tipo":"BANCA SEGUROS","Producto":"SEGECV","Mes":"MAYO","Importe":26.49612},{"Tipo":"BANCA SEGUROS","Producto":"SEGECV","Mes":"JUNIO","Importe":23.96155},{"Tipo":"BANCA SEGUROS","Producto":"SEGECV","Mes":"JULIO","Importe":22.79313},{"Tipo":"BANCA SEGUROS","Producto":"SEGECV","Mes":"AGOSTO","Importe":22.46957},{"Tipo":"BANCA SEGUROS","Producto":"SEGECV","Mes":"SEPTIEMBRE","Importe":20.94164},{"Tipo":"BANCA SEGUROS","Producto":"SEGECV","Mes":"OCTUBRE","Importe":21.39103},{"Tipo":"BANCA SEGUROS","Producto":"SEGECV","Mes":"NOVIEMBRE","Importe":20.94164},{"Tipo":"BANCA SEGUROS","Producto":"SEGECV","Mes":"DICIEMBRE","Importe":21.39103},
  {"Tipo":"BANCA SEGUROS","Producto":"ECOAMP","Mes":"ENERO","Importe":7.92127},{"Tipo":"BANCA SEGUROS","Producto":"ECOAMP","Mes":"FEBRERO","Importe":5.6863},{"Tipo":"BANCA SEGUROS","Producto":"ECOAMP","Mes":"MARZO","Importe":6.20759},{"Tipo":"BANCA SEGUROS","Producto":"ECOAMP","Mes":"ABRIL","Importe":7.51982},{"Tipo":"BANCA SEGUROS","Producto":"ECOAMP","Mes":"MAYO","Importe":8.83204},{"Tipo":"BANCA SEGUROS","Producto":"ECOAMP","Mes":"JUNIO","Importe":7.98718},{"Tipo":"BANCA SEGUROS","Producto":"ECOAMP","Mes":"JULIO","Importe":7.59771},{"Tipo":"BANCA SEGUROS","Producto":"ECOAMP","Mes":"AGOSTO","Importe":7.48986},{"Tipo":"BANCA SEGUROS","Producto":"ECOAMP","Mes":"SEPTIEMBRE","Importe":6.98055},{"Tipo":"BANCA SEGUROS","Producto":"ECOAMP","Mes":"OCTUBRE","Importe":7.13034},{"Tipo":"BANCA SEGUROS","Producto":"ECOAMP","Mes":"NOVIEMBRE","Importe":6.98055},{"Tipo":"BANCA SEGUROS","Producto":"ECOAMP","Mes":"DICIEMBRE","Importe":7.13034},
  {"Tipo":"BANCA SEGUROS","Producto":"ATMBCP","Mes":"ENERO","Importe":1.42563},{"Tipo":"BANCA SEGUROS","Producto":"ATMBCP","Mes":"FEBRERO","Importe":1.40344},{"Tipo":"BANCA SEGUROS","Producto":"ATMBCP","Mes":"MARZO","Importe":1.40142},{"Tipo":"BANCA SEGUROS","Producto":"ATMBCP","Mes":"ABRIL","Importe":1.38322},{"Tipo":"BANCA SEGUROS","Producto":"ATMBCP","Mes":"MAYO","Importe":1.35998},{"Tipo":"BANCA SEGUROS","Producto":"ATMBCP","Mes":"JUNIO","Importe":1.33454},{"Tipo":"BANCA SEGUROS","Producto":"ATMBCP","Mes":"JULIO","Importe":1.29986},{"Tipo":"BANCA SEGUROS","Producto":"ATMBCP","Mes":"AGOSTO","Importe":1.27239},{"Tipo":"BANCA SEGUROS","Producto":"ATMBCP","Mes":"SEPTIEMBRE","Importe":1.24864},{"Tipo":"BANCA SEGUROS","Producto":"ATMBCP","Mes":"OCTUBRE","Importe":1.2395},{"Tipo":"BANCA SEGUROS","Producto":"ATMBCP","Mes":"NOVIEMBRE","Importe":1.24864},{"Tipo":"BANCA SEGUROS","Producto":"ATMBCP","Mes":"DICIEMBRE","Importe":1.29986},
  {"Tipo":"BANCA SEGUROS","Producto":"VDIACO","Mes":"ENERO","Importe":20.71314},{"Tipo":"BANCA SEGUROS","Producto":"VDIACO","Mes":"FEBRERO","Importe":21.04012},{"Tipo":"BANCA SEGUROS","Producto":"VDIACO","Mes":"MARZO","Importe":19.0251},{"Tipo":"BANCA SEGUROS","Producto":"VDIACO","Mes":"ABRIL","Importe":21.11716},{"Tipo":"BANCA SEGUROS","Producto":"VDIACO","Mes":"MAYO","Importe":20.50218},{"Tipo":"BANCA SEGUROS","Producto":"VDIACO","Mes":"JUNIO","Importe":21.28738},{"Tipo":"BANCA SEGUROS","Producto":"VDIACO","Mes":"JULIO","Importe":20.71352},{"Tipo":"BANCA SEGUROS","Producto":"VDIACO","Mes":"AGOSTO","Importe":21.52998},{"Tipo":"BANCA SEGUROS","Producto":"VDIACO","Mes":"SEPTIEMBRE","Importe":21.66209},{"Tipo":"BANCA SEGUROS","Producto":"VDIACO","Mes":"OCTUBRE","Importe":21.07716},{"Tipo":"BANCA SEGUROS","Producto":"VDIACO","Mes":"NOVIEMBRE","Importe":21.90266},{"Tipo":"BANCA SEGUROS","Producto":"VDIACO","Mes":"DICIEMBRE","Importe":21.32456},
  {"Tipo":"BANCA SEGUROS","Producto":"MASVJE","Mes":"ENERO","Importe":1.24583},{"Tipo":"BANCA SEGUROS","Producto":"MASVJE","Mes":"FEBRERO","Importe":1.22644},{"Tipo":"BANCA SEGUROS","Producto":"MASVJE","Mes":"MARZO","Importe":1.22467},{"Tipo":"BANCA SEGUROS","Producto":"MASVJE","Mes":"ABRIL","Importe":1.20876},{"Tipo":"BANCA SEGUROS","Producto":"MASVJE","Mes":"MAYO","Importe":1.18845},{"Tipo":"BANCA SEGUROS","Producto":"MASVJE","Mes":"JUNIO","Importe":1.16623},{"Tipo":"BANCA SEGUROS","Producto":"MASVJE","Mes":"JULIO","Importe":1.13592},{"Tipo":"BANCA SEGUROS","Producto":"MASVJE","Mes":"AGOSTO","Importe":1.11192},{"Tipo":"BANCA SEGUROS","Producto":"MASVJE","Mes":"SEPTIEMBRE","Importe":1.09116},{"Tipo":"BANCA SEGUROS","Producto":"MASVJE","Mes":"OCTUBRE","Importe":1.08317},{"Tipo":"BANCA SEGUROS","Producto":"MASVJE","Mes":"NOVIEMBRE","Importe":1.09116},{"Tipo":"BANCA SEGUROS","Producto":"MASVJE","Mes":"DICIEMBRE","Importe":1.13592},
  {"Tipo":"BANCA SEGUROS","Producto":"CRSVSP","Mes":"ENERO","Importe":15.68805},{"Tipo":"BANCA SEGUROS","Producto":"CRSVSP","Mes":"FEBRERO","Importe":13.62384},{"Tipo":"BANCA SEGUROS","Producto":"CRSVSP","Mes":"MARZO","Importe":48.50911},{"Tipo":"BANCA SEGUROS","Producto":"CRSVSP","Mes":"ABRIL","Importe":46.62035},{"Tipo":"BANCA SEGUROS","Producto":"CRSVSP","Mes":"MAYO","Importe":34.51372},{"Tipo":"BANCA SEGUROS","Producto":"CRSVSP","Mes":"JUNIO","Importe":28.05272},{"Tipo":"BANCA SEGUROS","Producto":"CRSVSP","Mes":"JULIO","Importe":86.05044},{"Tipo":"BANCA SEGUROS","Producto":"CRSVSP","Mes":"AGOSTO","Importe":95.75488},{"Tipo":"BANCA SEGUROS","Producto":"CRSVSP","Mes":"SEPTIEMBRE","Importe":106.20008},{"Tipo":"BANCA SEGUROS","Producto":"CRSVSP","Mes":"OCTUBRE","Importe":73.46917},{"Tipo":"BANCA SEGUROS","Producto":"CRSVSP","Mes":"NOVIEMBRE","Importe":106.20008},{"Tipo":"BANCA SEGUROS","Producto":"CRSVSP","Mes":"DICIEMBRE","Importe":95.75488},
  {"Tipo":"INDIVIDUALES","Producto":"","Mes":"ENERO","Importe":3.8306},{"Tipo":"INDIVIDUALES","Producto":"","Mes":"FEBRERO","Importe":3.77098},{"Tipo":"INDIVIDUALES","Producto":"","Mes":"MARZO","Importe":3.76554},{"Tipo":"INDIVIDUALES","Producto":"","Mes":"ABRIL","Importe":3.71664},{"Tipo":"INDIVIDUALES","Producto":"","Mes":"MAYO","Importe":3.65419},{"Tipo":"INDIVIDUALES","Producto":"","Mes":"JUNIO","Importe":3.58586},{"Tipo":"INDIVIDUALES","Producto":"","Mes":"JULIO","Importe":3.49266},{"Tipo":"INDIVIDUALES","Producto":"","Mes":"AGOSTO","Importe":3.41886},{"Tipo":"INDIVIDUALES","Producto":"","Mes":"SEPTIEMBRE","Importe":3.35505},{"Tipo":"INDIVIDUALES","Producto":"","Mes":"OCTUBRE","Importe":3.33048},{"Tipo":"INDIVIDUALES","Producto":"","Mes":"NOVIEMBRE","Importe":3.35505},{"Tipo":"INDIVIDUALES","Producto":"","Mes":"DICIEMBRE","Importe":3.49266},
  {"Tipo":"GRUPALES","Producto":"","Mes":"ENERO","Importe":90.44568},{"Tipo":"GRUPALES","Producto":"","Mes":"FEBRERO","Importe":91.00974},{"Tipo":"GRUPALES","Producto":"","Mes":"MARZO","Importe":90.44568},{"Tipo":"GRUPALES","Producto":"","Mes":"ABRIL","Importe":74.13625},{"Tipo":"GRUPALES","Producto":"","Mes":"MAYO","Importe":90.44568},{"Tipo":"GRUPALES","Producto":"","Mes":"JUNIO","Importe":91.00974},{"Tipo":"GRUPALES","Producto":"","Mes":"JULIO","Importe":90.44568},{"Tipo":"GRUPALES","Producto":"","Mes":"AGOSTO","Importe":90.44568},{"Tipo":"GRUPALES","Producto":"","Mes":"SEPTIEMBRE","Importe":74.13625},{"Tipo":"GRUPALES","Producto":"","Mes":"OCTUBRE","Importe":63.99948},{"Tipo":"GRUPALES","Producto":"","Mes":"NOVIEMBRE","Importe":74.13625},{"Tipo":"GRUPALES","Producto":"","Mes":"DICIEMBRE","Importe":90.44568},
  {"Tipo":"GRUPALES","Producto":"SEGAPG","Mes":"ENERO","Importe":8.36865},{"Tipo":"GRUPALES","Producto":"SEGAPG","Mes":"FEBRERO","Importe":22.99122},{"Tipo":"GRUPALES","Producto":"SEGAPG","Mes":"MARZO","Importe":4.54903},{"Tipo":"GRUPALES","Producto":"SEGAPG","Mes":"ABRIL","Importe":23.87249},{"Tipo":"GRUPALES","Producto":"SEGAPG","Mes":"MAYO","Importe":1.97058},{"Tipo":"GRUPALES","Producto":"SEGAPG","Mes":"JUNIO","Importe":5.01825},{"Tipo":"GRUPALES","Producto":"SEGAPG","Mes":"JULIO","Importe":14.76687},{"Tipo":"GRUPALES","Producto":"SEGAPG","Mes":"AGOSTO","Importe":15.31786},{"Tipo":"GRUPALES","Producto":"SEGAPG","Mes":"SEPTIEMBRE","Importe":4.10408},{"Tipo":"GRUPALES","Producto":"SEGAPG","Mes":"OCTUBRE","Importe":15.31786},{"Tipo":"GRUPALES","Producto":"SEGAPG","Mes":"NOVIEMBRE","Importe":22.99122},{"Tipo":"GRUPALES","Producto":"SEGAPG","Mes":"DICIEMBRE","Importe":23.87249}
]